{
  "timestamp": "2025-12-08T11:16:29.963151",
  "uptime_seconds": 183.350727,
  "agents": [],
  "workflow_history_count": 0
}